"1";"Zašto je uobičajeno da lopatice rotora helikoptera imaju simetrične aeroprofile? (Slika PPL(H) TL – 1)";"Da bi se izbeglo dejstvo opasnih sila.";"Da bi se omogućilo da se centar pritiska pomera slobodno.";"Da bi centar pritiska bio u istoj tački kao centar gravitacije.";"Da bi se omogućilo linearno kretanje napadnog ugla.";"a";"Teorija letenja"
"2";"Koja je od sledećih izjava, u pogledu napadnog ugla i postavnog ugla lopatica rotora helikoptera, ispravna? (Slika PPL(H) TL – 2)";"Napadni ugao je manji od postavnog ugla pri kretanju lopatice rotora unapred kada se helikopter krece napred.";"Napadni i postavni ugao će biti isti u prednjoj i zadnjoj poziciji lopatice, ali samo u lebdenju pri nultoj brzini vetra.";"Napadni ugao je veći od postavnog ugla pri kretanju lopatice rotora unapred kada se helikopter krece napred.";"Postavni ugao je veći od napadnog ugla pri kretanju lopatice rotora unazad kada se helikopter krece napred.";"a";"Teorija letenja"
"3";"Razmatrajući aeroprofil u uslovima sloma uzgona, šta je od sledećeg tačno?";"Uzgon znatno opada, ali ne na nulu.";"Do odvajanja strujnica dolazi na odreñenoj brzini.";"U uslovima odvajanja strujnica pritisak na gornjoj površini se značajno smanjuje.";"Na početku odvajanja strujnica i uzgon i otpor značajno opadaju.";"a";"Teorija letenja"
"4";"S obzirom na aerodinamičke sile koje deluju na lopaticu rotora, šta je od sledećeg tačno? (Slika PPL(H) TL - 3)";"Zbir napadnog ugla i ugla protoka relativnog vazduha je jednak postavnom uglu.";"Ugao izmeñu relativnog strujanja vazduha i aerodinamičke tetive se naziva ugao lopatice.";"Ugao izmeñu aerodinamičke tetive i ravni obrtanja se naziva napadni ugao.";"Ugao izmeñu relativnog strujanja vazduha i aerodinamičke tetive se naziva postavni ugao.";"a";"Teorija letenja"
"5";"Koja je od sledećih izjava u pogledu protok vazduha oko rotora ispravna? (Slika PPL(H) TL - 3)";"Napadni ugao i indukovano vazdušno strujanje su obrnuto proporcionalni za dati elemenat rotora i broj obrtaja rotora.";"Indukovano vazdušno strujanje ostaje isto, dok su napadni ugao rotora i broj obrtaja rotora direktno proporcionalni. ODELJENJE VAZDUHOPLOVNOG OSOBLJA ISPITNA PITANJA ZA PPL(H) PPL(H) – Teorija letenja";"Indukovano vazdušno strujanje i napadni ugao rotora su obrnuto proporcionalni za dati broj obrtaja.";"Za datu sekciju lopatice i broj obrtaja rotora (RPM), pri smanjenju indukovanog protoka vazduha napadni ugao lopatice se smanjuje.";"a";"Teorija letenja"
"6";"Ubrzavanje i usporavanje lopatice rotora u toku odreñenog okretanja je praćeno mahanjem koje se naziva: (Slika PPL(H) TL – 4)";"Koriolisov efekat.";"Referentna ravan obrtanja.";"Hukov efekat.";"Zaostajanje.";"a";"Teorija letenja"
"7";"Pomeranje ciklične palice:";"Menja položaj diska rotora.";"Menja ugao konusa.";"Menja ugao klaćenja.";"Menja ugao mahanja.";"a";"Teorija letenja"
"8";"Prelazni uzgon („prestrujavanje”) na malim progresivnim brzinama ili u lebdenju za datu snagu motora će:";"Prouzrokovati penjenje helikoptera.";"Održavati konstantnu vazdušnu brzinu.";"Održavati stalnu ukupnu vučnu silu rotora.";"Povećati štetni otpor.";"a";"Teorija letenja"
"9";"Faza zaostajanja je: (Slika PPL(H) TL – 5 )";"Ugao, u ravni obrtanja, kroz koji se kreće lopatica rotora izmeñu odreñenog konstruktivnog položaja i odgovarajuće pozicije kašnjenja.";"Vreme izmeñu povećanja skupnog koraka i promene broja obrtaja rotora.";"Ugao, u ravni obrtanja, kroz koji se kreće lopatica rotora izmeñu odreñenog skupnog koraka i odgovarajućeg položaja diska rotora. 900";"Mesto gde lopatica dobija maksimalnu promenu u cikličnom koraku van faze sa najvišom i najnižom tačkom kontrolne površine.";"a";"Teorija letenja"
"10";"Dinamičko prevrtanje može biti uzrokovano:";"Preteranim momentom kotrljanja oko skije ili točka u kontaktu sa nagnutom ili neravnom površinom.";"Uzletanjem u blizini zgrada.";"Sletanjem na strme terene.";"Preteranim pomeranjem ciklične palice u stranu koje prouzrokuje momenat kotrljanja (prevrtanja).";"a";"Teorija letenja"
"11";"U slučaju da prilikom prizemljenja doñe do pojave zemaljske rezonanse, treba primeniti sledeći postupak:";"Odmah poleteti ukoliko je broj obrtaja rotora dovoljno veliki.";"Povećati broj obrtaja rotora kako bi se promenila frekvencija rezonanse. ODELJENJE VAZDUHOPLOVNOG OSOBLJA ISPITNA PITANJA ZA PPL(H) PPL(H) – Teorija letenja";"Okrenuti rep u vetar kako bi se smanijli efekti rezonanse.";"Pomerati cikličnu palicu kako bi se promenila cirkulacija vazduha rotor/teren.";"a";"Teorija letenja"
"12";"Obrnuti (povratni) protok vazduha je povezan sa: (Slika PPL(H) TL – 6)";"Letenjem na velikim brzinama i stvara se na korenu odlazeće lopatice rotora.";"Slomom uzgona odlazeće lopatice, koji počinje na korenu i progresivno se širi ka vrhu lopatice.";"Samoobrtanjem i nastaje na korenu lopatice.";"Stanjem vrtloženja, a stvara se na korenu odlazeće lopatice.";"a";"Teorija letenja"
"13";"Da bi se izbegao slom uzgona odlazeće lopatice u letu, potrebno je: (Slika PPL(H) TL - 7)";"Smanjiti skupni korak kako bi se napadni ugao smanjio ispod ugla sloma uzgona.";"Smanjiti snagu motora i povećati skupni korak kako bi se smanjila brzina.";"Pomeriti cikličnu palicu unazad dok brzina ne počne da opada, zatim povećati snagu motora.";"Smanjiti skupni korak i povećati progresivnu brzinu.";"a";"Teorija letenja"
"14";"Jedan sekundarni efekat koji rep rotora teži da proizvede u lebdenju, ukoliko se ne otkloni, je bočno zanošenje helikoptera: (Slika PPL(H) TL-8)";"U pravcu vučne sile repnog rotora.";"U pravcu prisutnog vetra.";"U bilo kom pravcu, zavisno od veličine vučne sile repnog rotora.";"U suprotnom pravcu od reaktivnog obrtnog momenta glavnog rotora.";"a";"Teorija letenja"
"15";"Šta je od sledećeg ispravno u pogledu vrtložnog prstena oko lopatica glavnog rotora?";"Stvara čak i veću brzinu silaženja ukoliko se isto vrši sa snagom.";"Ukazuje na razvoj vrtloženja oko kraja korena lopatica rotora.";"Napadni ugao na krajevima lopatica se povećava.";"Brzina silaženja će se smanjiti podizanjem kolektivne palice, ali pilot mora da deluje brzo.";"a";"Teorija letenja"
"16";"Kada se povećava napadni ugao simetričnog aeroprofila, centar pritiska se pomera:";"Vrlo malo.";"Napred.";"Pozadi.";"Uopšte se ne pomera.";"a";"Teorija letenja"
"17";"Uvijanjem lopatica rotora se dobija: (Slika PPL(H) TL – 9)";"Povećan napadni ugao na krajevima lopatica.";"Smanjen napadni ugao na krajevima lopatica.";"Neutralan napadni ugao u korenu lopatica.";"Maksimalni napadni ugao lopatice u tački na ⅔ dužine lopatice.";"a";"Teorija letenja"
"18";"Punoća diska se definiše kao:";"Odnos ukupne težine helikoptera, po jedinici površine diska. ODELJENJE VAZDUHOPLOVNOG OSOBLJA ISPITNA PITANJA ZA PPL(H) PPL(H) – Teorija letenja";"Opterećenje potrebno za održavanje konusnog ugla u granicama bezbednosti.";"Maksimalno centrifugalno opterećenje glavčine nosećeg rotora.";"Površina diska podeljena silom uzgona u lebdenju.";"a";"Teorija letenja"
"19";"Do prekoračenja postavnog ugla helikoptera dolazi:";"Kada se postavni ugao rotora koji je već veliki pri maksimalnoj snazi za održavanje brzine rotora dodatno povećava i lopatice helikoptera su u konusu nagore.";"Kada je ciklična palica pomerena isuviše napred ili nazad, raspoloživa snaga je nedovoljna, i helikopter se spušta.";"Kada se postavni ugao rotora poveća izvan ograničenja broja obrtaja rotora.";"Kada pilot pokušava da se popne na nadmorske visine iznad optimalne visine za efikasnost lopatice i helikopter ili održava visinu ili se spušta.";"a";"Teorija letenja"
"20";"Do prekoračenja torzionog (obrtnog) momenta dolazi:";"Ako se broj obrtaja rotora smanjuje a snaga za održavanje ukupne vučne sile rotora je ista, obrtni momenta može da se poveća preko granične vrednosti.";"Kada pilot pokušava da poveća broj obrtaja rotora bez odgovarajućeg povećanja snage.";"Kada snaga motora nije dovoljna da održi broj obrtaja rotora bez povećanja postavnog ugla.";"Ako se broj obrtaja rotora povećava a snaga za održavanje ukupne vučne sile rotora je ista, obrtni momenta može da se poveća preko granične vrednosti.";"a";"Teorija letenja"
"21";"Do „zabacivanja” (uzdužnog naginjanja) helikoptera dolazi: Slika PPL(H) TL-10)";"Kada se u horizontalnom strujanju vazduha disk rotora naginje unazad.";"Tokom ubrzanja, disk rotor se naginje, ali zbog faze mahanja naginje se bočno i ka prednjoj strani, što mora biti ispravljeno pomoću ciklične palice.";"U toku prelaznog režima, zbog faze mahanja, disk se naginje napred prouzrokujući ubrzanje helikoptera.";"Cikličnim povećanjem postavnog ugla prednje i smanjenjem ugla zadnje lopatice u horizontalnom letu, što prouzrokuje naginjanje rotora unapred.";"a";"Teorija letenja"
"22";"Helikopterom koji može da se ponaša kao „poskakujuća barka” ne bi trebalo leteti na takav način da se izazovu negativna ”G” opterećenja. Meñutim, ako slučajno doñe do negativnog ”G” opterećenja, pilot treba da:";"Poveća napadni ugao povlačenjem ciklične palice unazad, a zatim da prevede helikopter u horizontalni let, takoñe korišćenjem ciklične palice.";"Pomeri cikličnu palicu napred dok „poskakivanje” ne prestane, a zatim da prevede helikopter u horizontalni let.";"Postavi cikličnu palicu u neutralni položaj, a zatim podigne kolektivnu palicu.";"Korišćenjem ciklične palice odmah ispravi bilo koje ljuljanje.";"a";"Teorija letenja"
"23";"Ugao izmeñu relativnog vazdušnog strujanja (RAF) i tetive aerodinamičkog profila lopatica rotora se naziva: (Slika PPL(H) TL- 2)";"Napadni ugao lopatice. ODELJENJE VAZDUHOPLOVNOG OSOBLJA ISPITNA PITANJA ZA PPL(H) PPL(H) – Teorija letenja";"Ugao konusa.";"Napadni ugao rotora.";"Postavni (konstruktivni) ugao.";"a";"Teorija letenja"
"24";"Razlika izmeñu polukrutog i šarnirno vezanog (elastičnog) rotora je u tome što je polukruti rotor slobodan da:";"Maše i klati, dok elastični rotor može da maše, klati, ubrzava i zaostaje (usporava).";"Maše, klati, ubrzava i kasni, dok je elastični rotor slobodan da se klati.";"Ubrzava, kasni i klati, dok je elastični rotor slobodan da maše, ubrzava i kasni.";"Ubrzava i kasni, dok je elastični rotor slobodan da se klati i maše.";"a";"Teorija letenja"
"25";"Kada je u ustaljenom horizontalnom letu, nadolazeća lopatica će: (Slika PPL(H) TL-5)";"Zaostajati oko svog vertikalnog šarnira.";"Povećavati svoj napadni ugao.";"Ubrzavati oko svoje vertikalne ose.";"Mahati na gore.";"a";"Teorija letenja"
"26";"Efekat horizontalnog protoka vazduha oko diska rotora kada helikopter lebdi okrenut u vetar je: Slika PPL(H) TL – 11)";"U početku se smanjuje indukovane protok, ali se u isto vreme dodaje komponenta protoka indukovanog vazduha koji prolazi kroz disk pod pravim uglom.";"Znatno se smanjuje indukovani protok.";"Indukovani protok ostaje konstantan, ali horizontalna komponenta protoka vazduha sada deluje na rotor pod 900.";"Indukovano strujanje će se povećati, što omogućava manji napadni ugao i stoga manji kolektivni korak.";"a";"Teorija letenja"
"27";"Promena koraka lopatica repnog rotora na većini tipova helikoptera se potpomaže:";"Protivtegovima.";"Krilcima postavljenim na izlaznoj ivici svake lopatice.";"„Delta 3” šarnirima.";"Graničnim šarnirima.";"a";"Teorija letenja"
"28";"Repni stabilizatori nekih helikoptera imaju zakrivljenu jednu stranu da bi:";"Proizveli bočnu silu koja potpomaže repni rotor.";"Neutralisali vučnu silu repnog rotora na velikim brzinama.";"Pomogli u smanjenju zanošenja repnog rotora.";"Poboljšali stabilnost na malim brzinama.";"a";"Teorija letenja"
"29";"Za lopaticu glavnog rotora koji se okreće suprotno od kazaljke na satu, kada se posmatra odozgo, pomeranje ciklične palice u desnu stranu stvara maksimalni postavni ugao kada je lopatica: (Slika PPL(H) TL – 12)";"U krajnjoj zadnjoj poziciji.";"Na nadolazećoj strani.";"Na odlazećoj strani. ODELJENJE VAZDUHOPLOVNOG OSOBLJA ISPITNA PITANJA ZA PPL(H) PPL(H) – Teorija letenja";"U krajnjoj prednjo poziciji.";"a";"Teorija letenja"
"30";"Repni rotor kompenzuje efekat obrtnog momenta glavnog rotora oko:";"Vertikalne ose.";"Horizontalne ose.";"Poprečne ose.";"Prednje i zadnje ose.";"a";"Teorija letenja"
"31";"Za održavanje stalne visine, kursa i brzine helikoptera u progresivnom letu, raspored sila je sledeći: (Slika PPL(H) TL – 13)";"Uzgon, jednak i suprotan masi. Horizontalna komponenta vučne sile suprotna i jednaka otporu. Stabilizator proizvodi negativni uzgon.";"Uzgon jednak i suprotan masi. Horizontalna komponenta vučne sile suprotna, ali veća od otpora, stabilizator proizvodi pozitivni uzgon.";"Ukupna vučna sila rotora deluje suprotno masi. Horizontalna komponenta vučne sile koja deluje napred, jednaka otporu. Stabilizator proizvodi negativni uzgon.";"Uzgon suprotan ali veći od mase. Horizontalna komponenta potiska jednaka i suprotna otporu, stabilizator proizvodi pozitivni uzgon.";"a";"Teorija letenja"
"32";"Sila otpora lopatice glavnog rotora se kompenzuje:";"Snagom motora.";"„Mahanjem” lopatice.";"Efektom kašnjenja (usporavanja) lopatice.";"Efektom promena postavnog ugla.";"a";"Teorija letenja"
"33";"Kada se kolektivna palica pomeri na gore, upravljačka ploča (zvezda) glavčine rotora se takoñe pomera na gore, što dovodi do:";"Podjednakog povećanja ugla lopatica i povećanja ukupne vučne sile rotora.";"Povećanja uzgona koji zavisi od položaja lopatice u odnosu na upravljačku zvezdu.";"Povećanja ugla lopatica koji će menjati pravac dejstva ukupne vučne sile rotora.";"Povećanja postavnog ugla odlazeće lopatice i smanjenja istog kod prednje lopatice.";"a";"Teorija letenja"
"34";"Recirkulacija (povijanje na gore) vazdušnih strujnica je moguća samo:";"Na velikoj brzini leta, stvara se na korenu odlazeće lopatice.";"U vrtložnom prstenu, stvara se na vrhu nadolazeće lopatice.";"U autorotaciji, stvara se na korenu odlazeće lopatice.";"U autorotaciji, stvara se na vrhu odlazeće lopatice.";"a";"Teorija letenja"
"35";"Da bi otklonio efekte sloma uzgona odlazeće lopatice u letu, pilot bi trebao da:";"Smanji kolektivni korak i progresivnu brzinu.";"Poveća kolektivni korak da bi povećao napadni ugao.";"Potisne cikličnu palicu napred kako bi povećao progresivnu brzinu.";"Odmah smanji snagu i poveća kolektivni korak kako bi smanjio brzinu. ODELJENJE VAZDUHOPLOVNOG OSOBLJA ISPITNA PITANJA ZA PPL(H) PPL(H) – Teorija letenja";"a";"Teorija letenja"
"36";"Kuglica pokazivača klizanja i skretanja:";"Ne zahteva napajanje za rad i pokazivanje klizanja ili uravnoteženih skretanja.";"Zahteva isključivanje šine glavnog napajanja i pokazuje pravilno uravnotežena skretanja.";"Zahteva napajanje sa akumulatora i pokazivaće unutrašnje ili vanjsko klizanje.";"Ne zahteva napajanje sa vazduhoplova i pokazivaće pravilno uravnotežena skretanja.";"a";"Teorija letenja"
"37";"Na direkcionalu žiroskopa koji radi pod normalnim uslovima leta može da doñe do otklona. Koji stepen otklona se smatra prihvatljivim? 30";"na svakih 15 minuta.";"150 na sat.";"0.30 svakih 15 minuta.";"1.50 na sat.";"a";"Teorija letenja"
"38";"Prilikom otkaza motora u letu:";"Ureñaj za samoobrtanje odvaja rotor od motora.";"Sile autorotacije brzo obnavljaju broj obrtaja rotora.";"Broj obrtaja rotora se obnavlja u prestrujavanju.";"Helikopter će imati laganu tendenciju skretanja u smeru suprotnom smeru okretanja rotora.";"a";"Teorija letenja"
"39";"Prilikom povećanja opterećenja diska rotora, pod odreñenim okolnostima, npr. u toku ravnanja u prilazu, ukupni reaktivni momenat može da se približi osi obrtanja, što može da rezultuje:";"Padom obrtnog momenta rotora.";"Smanjenjem ugla konusa.";"Povećanjem obrtnog momenta rotora.";"Povećanjem otpora rotora.";"a";"Teorija letenja"
"40";"Razmatrajući helikopter u autorotaciji, koja je od sledećih izjava ispravna? (Slika PPL(H) TL – 14)";"Ako je helikopter u autorotaciji sa progresivnom brzinom, ugao promene pravca vazdušnih strujnica će se smanjiti, kao i postavni ugao.";"Ako je helikopter u autorotaciji sa progresivnom brzinom, napadni ugao lopatice se povećava a napadni ugao rotora smanjuje.";"Ako je helikopter u vertikalnoj autorotaciji, napadni ugao rotora se smanjuje, a samim tim i postavni ugao.";"";"a";"Teorija letenja"
"41";"Pod pretpostavkom da se otkaz motora dešava u lebdenju, koji je od sledećih navoda ispravan?";"Sila autorotacije će stvoriti broj obrtaja rotora i potisak rotora jednak masi helikoptera, a zatim će se helikopter spuštati konstantnom brzinom.";"Vektorska veličina silaženja je jednaka napadnom uglu.";"Dok je sila autorotacije jednaka masi helikoptera, helikopter će ubrzavati na dole, a zatim će se ubrzanje smanjiti. ODELJENJE VAZDUHOPLOVNOG OSOBLJA ISPITNA PITANJA ZA PPL(H) PPL(H) – Teorija letenja";"Ukoliko se iz bilo kog razloga napadni ugao treba povećati, tada će biti naglog porasta veličine snižavanja.";"a";"Teorija letenja"
"42";"S obzirom na zanošenje zbog vučne sile repnog rotora kod helikoptera čiji se glavni rotor obrće u smeru kazaljke na satu, koja od sledećih izjava je ispravna? (Slika PPL(H) TL – 8)";"Helikopter teži da se zanosi u pravcu vučne sile repnog rotora.";"Helikopter ima tendenciju da se obrće u smeru obrtnog momenta glavnog rotora, tj. suprotno smeru obrtanja kazaljke na satu.";"Kada je pod uticajem zemaljskog efekta, helikopter ima tendenciju da se zanosi na desnu stranu.";"Zbog uravnoteženja vučne sile repnog rotora, helikopter je u lebdenju malo nagnut u desnu stranu.";"a";"Teorija letenja"
"43";"Prilikom lebdenja sa uticajem zemlje (IGE), smatra se da se područje visokog pritiska ispod helikoptera proširuje do: (Slika PPL(H) TL – 15)";"¾ prečnika diska glavnog rotora.";"½ prečnika diska glavnog rotora.";"Visina je jednaka udaljenosti od glavčine glavnog rotora do repnog rotora.";"¼ prečnika diska glavnog rotora.";"a";"Teorija letenja"
"44";"Ugradnja repnog stabilizatora na pojedinim helikopterima ima sledeći efekat:";"Ograničava propinjanje trupa i naginjanje diska rotora u nazad pri udarima vetra.";"Poboljšava efikasnost upravljanja po pravcu, posebno pri malim brzinama leta.";"Ograničava skretanje sa pravca kod udara vetra.";"Omogućava pilotu poboljšano upravljanje, naročito ake se trup obara na dole";"a";"Teorija letenja"
"45";"Do zaleñivanja karburatora može da doñe u sledećim uslovima:";"U vlažnom vazduhu, gde temperatura opada u karburatoru zbog adijabatskog širenja.";"Samo u oblaku, iznad nivoa zamrzavanje i u spuštanju sa malom podešenom snagom.";"Samo kada je spoljna temperatura ispod tačke zamrzavanja.";"Zaleñivanje je povećano kada se leti sa punim otvorenim ventilom u vlažnom vazduhu bez padavina i magle.";"a";"Teorija letenja"
"46";"Ako pregori zaštitni osigurač pojedinačnog kola, pilot bi trebalo da:";"Sačeka najmanje 2 minuta pre nego što ponovo postavi odgovarajućih prekidača ili da zameni osigurač.";"Odmah resetuje prekidač odgovarajućeg kola.";"Odmah izoluje (isključi) sve električne potrošače odgovarajućeg osigurača. Ne menjati osigurače u letu.";"Samo resetuje prekidač kola ako su električni ureñaji od vitalnog značaja za bezbednost letenja. ODELJENJE VAZDUHOPLOVNOG OSOBLJA ISPITNA PITANJA ZA PPL(H) PPL(H) – Teorija letenja";"a";"Teorija letenja"
"47";"Oštri ugao izmeñu ravni obrtanja rotora i tetive aeroprofila lopatice rotora se naziva: (Slika PPL(H) TL – 2)";"Postavni ugao.";"Napadni ugao.";"Ugao konusa.";"Napadni ugao rotora.";"a";"Teorija letenja"
"48";"Kada je helikopter u horizontalnom letu, relativni protok vazduha je: (Slika PPL(H) TL-16)";"Kombinacija rotacije lopatica rotora i kretanja helikoptera.";"Strujanje vetra preko lopatica.";"Protok prouzrokovan kretanjem lopatica rotora kroz vazduh.";"Kombinacija vetra i kretanja lopatica rotora kroz vazduh.";"a";"Teorija letenja"
"49";"Postavni ugao se odreñuje na osnovu:";"Položaja odgovarajuće upravljačke komande u kabini (kolektivna i ciklična palica).";"Smera protoka relativnog vazduha.";"Samo cikličnog koraka.";"To zavisi od napadnog ugla.";"a";"Teorija letenja"
"50";"Tokom progresivnog leta napred napadni ugao je veći od postavnog ugla: (Slika PPL(H) TL – 12)";"Kod odlazeće lopatice.";"Kod nadolazeće lopatice.";"U maksimalnom prednjem položaju lopatice.";"U maksimalnom zadnjem položaju lopatice.";"a";"Teorija letenja"
"51";"Otpor je izraz koji se koristi za silu koja teži da se odupre kretanju aeroprofila kroz vazduh. Deluje:";"Paralelno i u suprotnom smeru od kretanja aeroprofila.";"Paralelno i u suprotnom smeru u odnosu na relativno strujanje vazduha.";"Paralelno i u istom pravcu kao i kretanje aeroprofila.";"Paralelno i u istom pravcu kao i sila uzgona.";"a";"Teorija letenja"
"52";"Uzgon i otpor se menjaju zavisno od gustine vazduha na sledeći način:";"Kako se gustina vazduha smanjuje, uzgon i otpor se smanjuju.";"Kako se gustina vazduha povećava, uzgon i otpor se smanjuju.";"Kako se gustina vazduha smanjuje, uzgon i otpor se povećavaju.";"Kako se gustina vazduha povećava, uzgon se povećava ali se otpor smanjuje.";"a";"Teorija letenja"
"53";"Kod dvokrakog rotora koji se okreće suprotno smeru kazaljke na satu, kada se posmatra odozgo, maksimalno povećanje napadnog ugla se dešava: (Slika PPL(H) TL – 7) 900";"Kada lopatica prolazi poziciju na levoj strani.";"Kada lopatica prolazi poziciju 900 na desnoj strani. ODELJENJE VAZDUHOPLOVNOG OSOBLJA ISPITNA PITANJA ZA PPL(H) PPL(H) – Teorija letenja";"Kada je lopatica u maksimalnom zadnjem položaju.";"Kada je lopatica u maksimalnom prednjem položaju.";"a";"Teorija letenja"
"54";"Lopatice rotora se povezuju sa glavčinom. Ugao lopatice u odnosu na ravan obrtanja se naziva: (Slika PPL(H) TL – 2)";"Postavni ugao.";"Napadni ugao lopatice.";"Ugao konusa.";"Napadni ugao rotora.";"a";"Teorija letenja"
"55";"Osa rotacije se podudara sa osom vratila:";"Pod idealnim uslovima uravnoteženog leta.";"Uvek.";"U progresivnom letu.";"U lebdenju, kada je helikopter okrenut u vetar.";"a";"Teorija letenja"
"56";"Vrh ravni obrtanja je imaginarna kružna putanja koju opisuju vrhovi lopatica rotora u toku ciklusa rotacije. Područje obuhvaćeno ovom putanjom je poznato kao:";"Disk rotora.";"Ugao konusa.";"Ravan obrtanja.";"Upravljačka ploča glavčine.";"a";"Teorija letenja"
"57";"Formula koja daje veličinu uzgona se izražava kroz gustinu vazduha, vektorsku brzinu relativnog vazdušnog strujanja, uzgonsku površinu aeroprofila i:";"Koeficijent uzgona.";"Napadni ugao.";"Postavni ugao.";"Opterećenje diska.";"a";"Teorija letenja"
"58";"Ugao lopatice se takoñe naziva:";"Postavni ugao.";"Ugao rezultujuće brzine.";"Napadni ugao.";"Ugao konusa.";"a";"Teorija letenja"
"59";"S obzirom na protok vazduha preko uzgonske površine lopatice rotora, ako je prisutno samo relativno strujanje vazduha, tada će ugao lopatice biti isti kao: (Slika PPL(H) TL -17)";"Napadni ugao.";"Ugao rezultujuće brzine.";"Ugao konusa.";"";"a";"Teorija letenja"
"60";"Ugao rezultujuće brzine je ugao izmeñu: (Slika PPL(H) TL – 3)";"Relativnog vazdušnog strujanja i kružnog vazdušnog strujanja.";"Relativnog vazdušnog strujanja i uzdužne tetive aeroprofila. ODELJENJE VAZDUHOPLOVNOG OSOBLJA ISPITNA PITANJA ZA PPL(H) PPL(H) – Teorija letenja";"Kružnog vazdušnog strujanja i uzdužne tetive aeroprofila.";"Uzdužne tetive aeroprofila i ose rotacije.";"a";"Teorija letenja"
"61";"Koja aerodinamička sila mora biti prisutna da bi se postigao progresivni let?";"Horizontalna komponenta vučne sile rotora.";"Uzgon.";"Vertikalna komponenta vučne sile rotora.";"Ukupna vučna sila rotora.";"a";"Teorija letenja"
"62";"Vučna sila rotora na vrhu lopatice se smanjuje uvijanjem, na takav način da se kod lopatica sa ugrañenim mehanizmom uvijanja: Postavni ugao smanjuje od korena ka vrhu.";"Postavni ugao smanjuje od vrha prema korenu.";"Vučna sila se povećava sa postavnim uglom na kraju.";"Napadni ugao se povećava sa postavnim uglom na kraju.";"";"a";"Teorija letenja"
"63";"Kako se helikopter kreće napred u progresivnom letu, relativno strujanje vazduha se kreće preko svake lopatice rotora, postajući kombinacija kružne brzine lopatice rotora i kretanja helikoptera. Relativno strujanje vazduha je maksimalno:(Slika PPL(H) TL- 17)";"U položaju 900 nadolazeće lopatice.";"U položaju 900 odlazeće lopatice.";"U krajnjem zadnjem položaju lopatice.";"U krajnjem prednjem položaju lopatice.";"a";"Teorija letenja"
"64";"Pomeranje palice cikličnog koraka će menjati:";"Ugao nagiba rotora diska.";"Postavni ugao svih lopatica rotora zajedno i u istom pravcu.";"Postavni ugao samo odlazeće lopatice.";"Samo ugao lopatice u njenom maksimalnom prednjem položaju.";"a";"Teorija letenja"
"65";"Kod trokrakog rotora, ako jedna lopatica prolazi kroz položaj minimalnog postavnog ugla, druge dve će biti: (Slika PPL(H) TL – 12)";"U procesu naizmeničnog povećanja i smanjenja postavnog ugla.";"U položaju maksimalnog postavnog ugla.";"Takoñe u položaju minimalnog postavnog ugla.";"";"a";"Teorija letenja"
"66";"Nadolazeća lopatica je:";"Lopatica koja se kreće napred u odnosu na relativni protoka vazduha.";"Lopatica koja se kreće u suprotnom sektoru u odnosu na relativni protok vazduha.";"Lopatica koja proizvodi povećani uzgon.";"Lopatica koja maše na dole smanjenjujući napadni ugao.";"a";"Teorija letenja"
"67";"Položaj palice cikličnog koraka u progresivnom letu prouzrokuje:";"Smanjenje napadnog ugla na dolazećoj lopatici i povećanje napadnog ugla na odlazećoj lopatici. ODELJENJE VAZDUHOPLOVNOG OSOBLJA ISPITNA PITANJA ZA PPL(H) PPL(H) – Teorija letenja";"Povećanje napadnog ugla na dolazećoj lopatici i smanjenje napadnog ugla na odlazećoj lopatici.";"Smanjenje napadnog ugla na nadolazećoj i odlazećoj lopatici.";"Povećanje napadnog ugla na nadolazećoj i odlazećoj lopatici.";"a";"Teorija letenja"
"68";"Po definiciji, mahanje je: (Slika PPL(H) TL – 19)";"Znatno ugaono oscilovanje lopatica rotora oko horizontalnog šarnira.";"Znatno ugaono oscilovanje lopatica rotora oko vertikalnog šarnira.";"Ugaono oscilovanje lopatica rotora oko kardanskog prstena.";"Horizontalno kretanje lopatica rotora oko ose vratila.";"a";"Teorija letenja"
"69";"Izjednačavanje uzgona na dve polovine diska rotora se postiže:";"Kombinacijom smanjenja napadnog ugla na nadolazećoj lopatici i povećanjem napadnog ugla na odlazećoj lopatici u toku ciklusa mahanja.";"Povećanjem napadnog ugla na nadolazećoj lopatici.";"Smanjenjem napadnog ugla na odlazećoj lopatici.";"Naginjanjem diska rotora u potrebnom pravcu.";"a";"Teorija letenja"
"70";"Konusnost je savijanje lopatica naviše usled kombinovanog dejstva sila:";"Uzgona i centrifugalne sile.";"Uzgona i gravitacije.";"Otpora i centrifugalne sile.";"Gravitacije i otpora.";"a";"Teorija letenja"
"71";"Pilot može iz kabine da neutrališe efekat obrtnog momenta repnog rotora pomoću:";"Nožnih pedala.";"Ciklične palice.";"Kolektivne palice.";"Podešavanja snage motora.";"a";"Teorija letenja"
"72";"Efekat obrtnog momenta glavnog rotora se kompenzuje:";"Vučnom silom repnog rotora.";"Nožnim komandama.";"Kolektivnom palicom.";"Cikličnom palicom.";"a";"Teorija letenja"
"73";"Najvažniji faktori koji ograničavaju maksimalnu brzinu helikoptera su:";"Pojava odvajanja struje sa lopatica rotora i dostizanje nadzvučnih brzina strujanja na krajevima lopatica glavnog rotora.";"Težina i oblik helikoptera.";"Ograničeno pomeranje ciklične palice napred i promena nagiba diska rotora.";"Sila otpora i vučna sila repnog rotora.";"a";"Teorija letenja"
"74";"Da ne bi došlo do preturanja dvokrakog helikoptera u letu, uslov je da:";"Uzgon na desnom kraku bude jednak uzgonu na levom kraku.";"Napadni ugao na desnom kraku bude jednak napadnom uglu na levom kraku. ODELJENJE VAZDUHOPLOVNOG OSOBLJA ISPITNA PITANJA ZA PPL(H) PPL(H) – Teorija letenja";"Koeficijent uzgona bude isti na oba kraka.";"Brzina kretanja oba kraka bude ista.";"a";"Teorija letenja"
"75";"U toku jednog ciklusa obrtanja rotora dolazi do promene napadnog ugla i sile uzgona na lopatici rotora, što izaziva:";"Podizanje ili spuštanje.";"Samo njeno dizanje.";"Samo njeno spuštanje.";"Lopatica ostaje uvek u istoj ravni.";"a";"Teorija letenja"
"76";"Horizontalni stabilizator stvara momenat propinjanja pri stacionarnom letu i smanjuje tendenciju spuštanja nosa helikoptera pri velikim brzinama. Istovremeno, horizontalni stabilizator povećava:";"Uzdužnu stabilnost helikoptera.";"Poprečnu stabilnost helikoptera.";"Stabilnost oko vertikalne ose helikoptera.";"Efikasnost repnog rotora.";"a";"Teorija letenja"
"77";"Dinamički pritisak se može transformisati u statički pritisak:";"Kada se smanji brzina strujanja vazduha.";"Kada se poveća brzina strujanja.";"Kada je dinamički pritisak jednak atmosferskom pritisku.";"Nikada.";"a";"Teorija letenja"
"78";"Kada je brzina strujanja vazduha jednaka nuli, statički pritisak je jednak:";"Atmosferskom pritisku.";"Dinamičkom pritisku.";"Nuli.";"";"a";"Teorija letenja"
"79";"Sledeća tvrdnja, u pogledu uticaja površine zemlje, je tačna:";"Indukovani otpor se smanjuje, uzgon se povećava.";"Indukovani otpor se povećava, uzgon se smanjuje.";"Indukovani otpor i uzgon ne menjaju vrednost.";"Indukovani otpor se povećava, uzgon ne menja vrednost.";"a";"Teorija letenja"
"80";"Lopatice rotora u stvarnosti:";"Opisuju konusnu površinu.";"Rotiraju u ravni.";"U progresivnom letu opisuju konusnu površinu, dok u lebdenju rotiraju u ravni.";"";"a";"Teorija letenja"
"81";"Vučna sila rotora uravnotežuje silu otpora helikoptera:";"U progresivnom letu, penjenju i ubrzanju.";"U lebdenju.";"U spuštanju.";"U spuštanju i penjanju. ODELJENJE VAZDUHOPLOVNOG OSOBLJA ISPITNA PITANJA ZA PPL(H) PPL(H) – Teorija letenja";"a";"Teorija letenja"
"82";"Razmatrajući uticaj aerodinamičke sile i težine helikoptera u lebdenju, koja je od sledećih tvrdnji tačna? (Slika PPL(H) TL – 20)";"Aerodinamička sila rotora i težina helikoptera su jednake.";"Aerodinamička sila rotora je veća od težine helikoptera.";"Ake se lebdi u uslovima sa vetrom, aerodinamička sila rotora je manja od težine helikoptera.";"";"a";"Teorija letenja"
"83";"Kada se helikopter prevede u snižavanje spuštanjem kolektivne pakice i ako kolektivna palica ostane u istom položaju:";"Brzina snižavanja će se smanjiti zbog povećanja napadnog ugla lopatica izazvanog strujanjem vazduha naviše kroz disk rotora.";"Brzina snižavanja će se povećavati jer se povećava napadni ugao lopatica.";"Brzina snižavanja će ostati konstantna.";"";"a";"Teorija letenja"
"84";"Šta se može desiti ako se spuštanje helikoptera izvodi sa velikim uglom lopatice, tj. sa odreñenom snagom?";"Doći će do prekoračenja kritičnog napadnog ugla i odvajanja struje u korenu lopatice.";"Doći će do povećanja uzgona i smanjenja brzine silaženja.";"Doći će do povećanja brzine i smanjenja otpora.";"";"a";"Teorija letenja"
"85";"Gubitak broja obrtaja u autorotaciji je:";"Sporiji kod težih helikoptera zbog većeg momenta inercije.";"Sporiji kod lakih helikoptera sa malim momentom inercije..";"Brži kod težih helikoptera zbog većeg momenta inercije.";"Isti, neovisno od težine helikoptera.";"a";"Teorija letenja"
"86";"Gustina vazduha:";"Opada sa povećanjem visine.";"Ne menja se sa promenom temperature.";"Raste sa povećanjem visine.";"Opada sa smanjenjem temperature.";"a";"Teorija letenja"
"87";"Vazdušni pritisak koji deluje na telo koje se nalazi u njemu je poznat kao:";"Statički pritisak.";"Dinamički pritisak.";"Veći je na visini nego na nivou mora.";"Ukupni (totalni) pritisak.";"a";"Teorija letenja"
"88";"Koji je od ponuñenih odgovora tačan, a odnosi se na promenu gustine vazduha sa visinom?";"Opadanje pritiska sa povećanjem visine dovodi do smanjenja gustine.";"Porast temperature sa povećanjem visine dovodi do povećanja gustine.";"Opadanje temperature sa povećanjem visine dovodi do povećanja gustine.";"Porast pritiska sa povećanjem visine dovodi do smanjenja gustine. ODELJENJE VAZDUHOPLOVNOG OSOBLJA ISPITNA PITANJA ZA PPL(H) PPL(H) – Teorija letenja";"a";"Teorija letenja"
"89";"Koje osobine zemljine atmosfere utiču na performanse vazduhoplova?";"Sadržaj vodene pare, temperatura, pritisak i gustina.";"Temperatura, pritisak i vlažnost vazduha.";"Sadržaj kiseonika, pritisak i količina vodene pare.";"Sadržaj azota, kiseonika, temperatura i pritisak.";"a";"Teorija letenja"
"90";"Vazdušni pritisak:";"Deluje u svim pravcima.";"Deluje samo vertikalno naniže.";"Meri se u Paskalima po kvadratnom inču.";"Raste sa visinom.";"a";"Teorija letenja"
"91";"U toku leta na vazduhoplov deluju sledeće sile:";"Vučna sila, uzgon, otpor, težina.";"Vučna sila, uzgon, težina.";"Vučna sila, uzgon, otpor.";"Uzgon, otpor težina.";"a";"Teorija letenja"
"92";"Dinamički pritisak koji deluje na vazduhoplov u letu jednak je:";"Polovina gustine x stvarna brzina na kvadrat.";"Gustina x brzina na kvadrat.";"Polovina stvarne brzine x gustina na kvadrat.";"Polovina gustine x indukovana brzina na kvadrat.";"a";"Teorija letenja"
"93";"Relativni protok vazduha je _______ i _______u odnosu na kretanje vazduhoplova? (Slika PPL(H) TL – 21)";"Paralelan i suprotan.";"Normalan i suprotan.";"Normalan i istog smera.";"Paralelan i istog smera.";"a";"Teorija letenja"
"94";"Uzimajući u obzir sile koje deluju na vazduhoplov prilikom konstantne brzine, koja je tvrdnja tačna?";"Težina deluje uvek vertikalno na dole, prema centru zemlje.";"Uzgon deluje upravno na tetivu aeroprofila, uvek mora biti veći nego težina.";"Vučna sila deluje paralelno u odnosu na relativno vazdušno strujanje i veća je od otpora.";"Sila uzgona generisana aeroprofilom uvek deluje suprotno od smera težine vazduhoplova.";"a";"Teorija letenja"
"95";"Masa vazduhoplova je rezultat:";"Količine materije koju sadrži.";"Njegove težine.";"Njegove veličine.";"Njegove zapremine. ODELJENJE VAZDUHOPLOVNOG OSOBLJA ISPITNA PITANJA ZA PPL(H) PPL(H) – Teorija letenja";"a";"Teorija letenja"
"96";"Dinamički pritisak je jedank:";"Ukupnom pritisku umanjenom za statički pritisak.";"Ukupnom pritisku uvećanom za statički pritisak.";"Statičkom pritisku umanjenom za ukupni pritisak.";"Ukupnom pritisku podeljenom sa statičkim pritiskom.";"a";"Teorija letenja"
"97";"Granični sloj ima:";"Laminarno i turbulentno strujanje.";"Laminarno strujanje.";"Turbulentno strujanje.";"Turbulentno strujanje samo pri malim brzinama.";"a";"Teorija letenja"
"98";"Kakav mora da bude odnos sila koje deluju na vazduhoplov u letu, da bi taj vazduhoplov leteo konstantnom brzinom, bez promene visine?";"Uzgon mora da bude jednak težini, a potisak jednak otporu.";"Uzgon mora da bude jednak otporu, a potisak jednak težini.";"Uzgon mora da bude jednak zbiru potiska i otpora.";"Uzgon mora da bude jednak potisku, a težina mora da bude jednaka otporu.";"a";"Teorija letenja"
"99";"Glatko strujanje vazduha, kada svaki molekul prati putanju prethodnog, je definicija:";"Laminarnog strujanja.";"Turbulentnog strujanja.";"Slobodnog strujanja.";"Vetra.";"a";"Teorija letenja"
"100";"U podzvučnom strujanju, kada vazduh prolazi kroz venturi-tubi, masa protoka _____ /, brzina protoka ______ /, a statički pritisak _____ : (Slika PPL(H) TL – 22)";"Ostaje konstantna/ raste pa opada/ opada pa raste.";"Opada pa raste/ ostaje konstantna/ raste pa opada.";"Ostaje konstantna/ raste pa opada/ raste pa opada.";"Opada pa raste/ raste pa opada/ raste pa opada.";"a";"Teorija letenja"
"101";"Kada se brzina povećava, indukovani otpor se:";"Smanjuje.";"Povećava.";"Zavisi od težine vazduhoplova.";"Ostaje nepromenjen.";"a";"Teorija letenja"
"102";"Ako je indikovana brzina vazduhoplova povećana sa 50 čvorova na 100 čvorova, parazitni (štetni) otpor će se:";"Povećati četiri puta.";"Povećati šest puta.";"Povećati dva puta.";"Smanjiti za četvrtinu. ODELJENJE VAZDUHOPLOVNOG OSOBLJA ISPITNA PITANJA ZA PPL(H) PPL(H) – Teorija letenja";"a";"Teorija letenja"
"103";"Zamišljena prava linija, koja se proteže od središnje tačke napadne ivice aeroprofila pa do izlazne ivice istog, se naziva: (Slika PPL(H) TL – 23)";"Tetiva.";"Srednja linija.";"Debljina profila.";"Maksimalna krivina profila.";"a";"Teorija letenja"
"104";"Ako se progresivna brzina povećava, indukovani otpor se ______/ parazitni otpor se ______ / a ukupni otpor se _______ :";"Smanjuje/ povećava/ smanjuje pa povećava.";"Povećava/ povećava/ povećava.";"Povećava/ smanjuje/ povećava pa smanjuje.";"Smanjuje/ smanjuje/ smanjuje.";"a";"Teorija letenja"
"105";"Uzgon je: (Slika PPL(H) TL – 23) 900";"Aerodinamička sila koja deluje pod uglom od u odnosu na pravac relativnog strujanja vazduha.";"Aerodinamička sila koja deluje upravno u odnosu na osu aeroprofila.";"Aerodinamička sila koja je rezultat razlike pritisaka oko aeroprofila.";"Aerodinamička sila koja deluje upravno na gornjaku aeroprofila.";"a";"Teorija letenja"
"106";"Pri odreñenoj indikovanoj brzini, kakav efekat će povećanje gustine vazduha imati na uzgon i otpor?";"Uzgon i otpor će ostati nepromenjeni.";"Uzgon će se povećati, a otpor smanjiti.";"Uzgon i otpor će se povećati.";"Uzgon i otpor će se smanjiti.";"a";"Teorija letenja"
"107";"Skretanje je kretanje vazduhoplova oko _________ ose:";"Vertikalne.";"Uzdužne.";"Poprečne.";"Horizontalne.";"a";"Teorija letenja"
"108";"Sletanje sa preciznim upravljanjem i mekim spuštanjem na odreñenu tačku može se izvršiti:";"Samo sa uticajem zemlje.";"Samo bez uticaja zemlje.";"Samo u uslovima vetra.";"Samo sa helikopterom koji ima točkove.";"a";"Teorija letenja"
"109";"U odnosu na sletanje sa uticajem zemlje, ugao prilaženja pri sletanju bez uticaja zemlje mora biti veoma mali, da bi se:";"Izbeglo veliko povećanje snage.";"Skratila površina za zaustavljanje.";"Skratilo vreme sletanja. ODELJENJE VAZDUHOPLOVNOG OSOBLJA ISPITNA PITANJA ZA PPL(H) PPL(H) – Teorija letenja";"Izbegli nepovoljni udari vetra.";"a";"Teorija letenja"
"110";"Pri velikim brzinama ugao nagiba helikoptera u zaokretu biće ograničen zbog.";"Odvajanja strujanja sa lopatica rotora.";"Ograničenog pomeranja ciklične palice.";"Pada broja obrtaja nosećeg rotora.";"Konstrukcije i oblika trupa helikoptera.";"a";"Teorija letenja"
"111";"Rezerva snage motora sa visinom:";"Opada.";"Raste.";"Ne menja se.";"Zavisi od vrste motora.";"a";"Teorija letenja"
"112";"Da bi sprečio zanošenje i obrtanje helikoptera oko vertikalne ose u uslovima vetra, pilot treba da:";"Pomeri cikličnu palicu u stranu odakle duva vetar i da potisne nožnu pedalu u stranu suprotno od pravca vetra.";"Pomeri cikličnu palicu u suprotnu stranu od pravca duvanja vetra i da potisne nožnu pedalu u stranu pravca duvanja vetra.";"Uvek gurne cikličnu palicu napred i poveća snagu motora.";"Smanji brzinu leta kako bi smanjio uticaj vetra.";"a";"Teorija letenja"
"113";"Pri leñnom vetru, helikopter je:";"Nestabilan po pravcu.";"Stabilan po pravcu, nestabilan oko poprečne ose.";"Stabilan oko vertikalne ose.";"Stabilan oko uzdužne, nestabilan oko poprečne i vertikalne ose.";"a";"Teorija letenja"
"114";"Uticaj vetra na maksimalni ugao penjanja (u odnosu na zemlju) je sledeći:";"Čeoni vetar povećava maksimalni ugao penjanja, a leñni ga smanjuje.";"Čeoni vetar smanjuje maksimalni ugao penjanja, a leñni ga povećava.";"Vetar ne utiče na maksimalni ugao penjanja.";"Maksimalni ugao penjanja zavisi od progresivne brzine.";"a";"Teorija letenja"
"115";"Da bi izašao iz stanja vrtložnog prstena i smanjio odvajanje strujanja sa lopatica rotora, pravilan postupak pilota je:";"Prvo spustiti kolektivnu palicu, a zatim cikličnu palicu pomeriti napred.";"Prvo podići kolektivnu palicu, a zatim cikličnu palicu pomeriti napred.";"Samo pomeriti cikličnu palicu napred.";"Samo podići kolektivnu palicu.";"a";"Teorija letenja"
"116";"Jedan od uzroka sloma uzgona na repnom rotoru može da bude:";"Prekomerno i brzo podizanje kolektivne palice.";"Brzo i neodmereno potiskivanje nožnih komandi.";"Uticaj vetra. ODELJENJE VAZDUHOPLOVNOG OSOBLJA ISPITNA PITANJA ZA PPL(H) PPL(H) – Teorija letenja";"Veliki nagib u toku zaokreta.";"a";"Teorija letenja"
"117";"Progresivna brzina helikoptera je ograničena prvenstveno zbog:";"Disimetrije uzgona.";"Vibracija izazvanih disbalansom uzgona.";"Vibracija visoke frekvencije.";"";"a";"Teorija letenja"
"118";"U lebdenju, helikopter teži da se kreće u pravcu vučne sile repnog rotora . Ova izjava je: (Slika PPL(H) TL – 8)";"Tačna, kretanje se naziva tendencija bočnog pomeranja.";"Netačna; kretanja je suprotno od smera vučne sile repnog rotora, a zove se tendencija pomeranja.";"Tačna, kretanje se naziva tendencija ljuljanja.";"";"a";"Teorija letenja"
"119";"Namena vertikalnih šarnira kod trokrakog, šarnirno vezanog rotora helikoptera je da kompenzuju:";"Koriolisov efekat.";"Disimetriju uzgona.";"Tendenciju zaostajanja lopatice.";"";"a";"Teorija letenja"
"120";"Šta se dešava sa helikopterom pri pojavi tendencije bočnog pomeranja?";"Pomera se u pravcu vučne sile repnog rotora.";"Teži da se lagano zabaci u desnu stranu, pri dostizanju brzine od oko 15 čvorova u toku poletanja.";"Povećava se efikasnost rotora kada strujanje vazduha preko rotora dostigne brzinu od oko 15 čvorova.";"";"a";"Teorija letenja"
"121";"Razlika uzgona koja postoji izmeñu nadolazeće i odlazeće lopatice je poznata kao:";"Disimetrija uzgona.";"Koriolisov efekat.";"Preraspodela uzgona (prestrujavanje).";"";"a";"Teorija letenja"
"122";"Većina helikoptera, prema konstrukciji, imaju tendenciju da se u toku lebdenja u uslovima bez vetra zanose u desnu stranu. Ova izjava je:";"Tačna; ciklična palica većine helikoptera je postavljena tako da bi se prevazišla ova tendencija.";"Netačna; helikopteri nemaju tendenciju da se zanose, ali će rotirati u tom pravcu.";"Tačna; sistem cikličnog upravljanja većine helikoptera je montiran tako, da sa žiroskopskom precesijom, prevaziñe tendenciju zanošenja.";"";"a";"Teorija letenja"
"123";"Kada se helikopter prevodi iz pravolinijskog horizontalnog leta u zaokret nagiba 300, zadržavajući konstantnu visinu, ukupna sila uzgona mora:";"Da se poveća, a faktor opterećenja će se povećati.";"Da se poveća, a faktor opterećenja će se smanjiti.";"Da ostane konstantna, a faktor opterećenja će se smanjiti. ODELJENJE VAZDUHOPLOVNOG OSOBLJA ISPITNA PITANJA ZA PPL(H) PPL(H) – Teorija letenja";"";"a";"Teorija letenja"
"124";"Pomeranje ciklične palice tokom leta rezultuje maksimalnim povećanjem postavnog ugla lopatica rotora u položaju ”3 sata”. U kom pravcu će se disk rotora nagnuti? (Slika PPL(H) TL – 12)";"Nazad.";"Napred.";"Levo.";"";"a";"Teorija letenja"
"125";"Osnovna svrha sistema repnog rotora je:";"Neutralisanje efekta obrtnog momenta glavnog rotora.";"Pomaganje izvoñenja koordiniranih zaokreta.";"Održavanje pravca tokom progresivnog leta.";"";"a";"Teorija letenja"
"126";"Može li repni rotor da stvara vučnu silu u levu stranu?";"Da, pre svega kako bi se neutralisao otpor transmisije tokom samoobrtanja.";"Ne, može biti proizvedena samo vučna sila u desnu stranu, što prouzrokuje kretanje repa u levu stranu.";"Da, pre svega kako bi se u lebdenju mogla izvoditi okretanja u desnu stranu.";"";"a";"Teorija letenja"
"127";"Šarnirno (elastično) vezane lopatice glavnog rotora mogu da:";"Mašu, ”izvlače se” i pojedinačno menjaju postavni ugao.";"Kolektivno mašu i menjaju postavni ugao.";"Pojedinačno menjaju postavni ugao, ali ne mogu da mašu i ”izvlače se”.";"";"a";"Teorija letenja"
"128";"Koja je osnovna namena kvačila kod helikoptera?";"Omogućava startovanje motora bez pokretanja sistema glavnog rotora.";"Omogućava odvajanje motora od glavnog rotora u toku autorotacije.";"Prenosi snagu motora na glavni rotor, repni rotor, generator/alternator i ostale ureñaje.";"";"a";"Teorija letenja"
"129";"Koja je osnovna namena ležaja autorotacije?";"Omogućava odvajanje motora od glavnog rotora u autorotaciji.";"Omogućava startovanje motora bez pokretanja sistema glavnog rotora.";"Omogućava promenu brzine izmeñu motora, glavnog rotora i repnog rotora.";"";"a";"Teorija letenja"
"130";"Zemaljska rezonansa će se verovatnije desiti na helikopterima sa:";"Elastično (šarnirno) vezanim rotorima.";"Kruto vezanim rotorima.";"Polukruto vezanim rotorima.";"";"a";"Teorija letenja"
"131";"Ispravan postupak započinjanja brzog zaustavljanja je:";"Ciklična palica unazad, kolektivna palica na dole i potiskivanje desne nožne pedale.";"Ciklična palica napred, kolektivna palica na gore i potiskivanje desne nožne pedale.";"Ciklična palica napred, kolektivna palica na gore i potiskivanje leve nožne pedale. ODELJENJE VAZDUHOPLOVNOG OSOBLJA ISPITNA PITANJA ZA PPL(H) PPL(H) – Teorija letenja";"";"a";"Teorija letenja"
"132";"U fazi ravnanja tokom sletanja bez pogonske grupe, broj obrtaja rotora (RPM) teži da:";"Se poveća na početku.";"Ostane stalan.";"Se smanji na početku.";"";"a";"Teorija letenja"
"133";"Šta bi moglo da proizvede najsporije obrtanje rotora?";"Naglo guranje ciklika napred nakon strmog penjanja.";"Vertikalno spuštanje sa snagom.";"Vertikalno spuštanje bez snage.";"";"a";"Teorija letenja"
"134";"Kako se nadmorska visina povećava, VNE helikoptera će:";"Opadati.";"Rasti.";"Ostati ista.";"";"a";"Teorija letenja"
"135";"Treba li pilot da brine, u pogledu zemaljske rezonanse, tokom poletanja?";"Da; mada je veća verovatnoća da će se dogoditi na sletanju, do nje može doći i tokom poletanja.";"Ne; zemaljska rezonansa se dešava samo u toku pristajanja iz autorotacije.";"Da; ali samo tokom poletanja sa terena pod nagibom.";"";"a";"Teorija letenja"
"136";"Preterano strm ugao prilaza i nenormalno sporo zaustavljanje, treba izbegavati tokom prelaska u lebdenje, u fazi prilaza za sletanje, pre svega zbog:";"Mogućnosti razvijanja vrtložnog prstena, a posebno u završnom toku.";"Pokazivanje brzinomera može biti nepouzdano.";"Produžavanje se veoma teško može izvesti.";"";"a";"Teorija letenja"
"137";"Koji postupci se primenjuju u toku izlaska iz vrtložnog prstena?";"Povećanje progresivne brzine i smanjenje kolektivnog koraka.";"Povećanje kolektivnog koraka i snage.";"Održavanje stalnog kolektivnog koraka i povećanje gasa.";"";"a";"Teorija letenja"
"138";"Povećanje snage u vrtložnom prstenu stvara:";"Čak i veće snižavanje.";"Povećanje brzine.";"Povećanu efikasnost ciklične palice.";"";"a";"Teorija letenja"
"139";"Šta je tačno u pogledu izlaska iz slučajnog stanja vrtložnog prstena?";"S obzirom da je deo lopatica rotora iznad trupa u uslovima sloma uzgona, efikasnost ciklične palice u početku izlaska će biti smanjena.";"U toku izlaska ne bi trebalo upotrebljavati nožne pedale.";"Izlazak se može izvesti povećanjem broja obrtaja rotora, smanjenjem progresivne brzine i minimiziranjem manevrisanja. ODELJENJE VAZDUHOPLOVNOG OSOBLJA ISPITNA PITANJA ZA PPL(H) PPL(H) – Teorija letenja";"";"a";"Teorija letenja"
"140";"Kada se leti sa velikom progresivnom brzinom, veća je verovatnoća da će doći do sloma uzgona na odlazećoj lopatici u sledećim uslovima:";"Mala ukupna težina, velika gustoća vazduha na visini, miran vazduh.";"Velika ukupna težina, velika gustoća vazduha na visini i turbulentan vazduh.";"Velika ukupna težina, mala gustine vazduha na visini, miran vazduh.";"";"a";"Teorija letenja"
"141";"Kako treba pilot da reaguje na početku sloma uzgona povlačeće lopatice?";"Smanjiti kolektivni korak, povećati broj obrtaja rotora, smanjiti progresivnu brzinu.";"Smanjiti kolektivni korak, broj obrtaja rotora i progresivnu brzinu.";"Povećati kolektivni korak, smanjiti broj obrtaja rotora i progresivnu brzinu.";"";"a";"Teorija letenja"
"142";"Iznad koje površine će biti potrebna najveća snaga za lebdenje?";"Visoke trave.";"Betonske rampe.";"Grubog / neravnog terena.";"";"a";"Teorija letenja"
"143";"Da bi se voženje po površini izvodilo na siguran i efikasan način, piloti helikoptera treba da koriste:";"Kolektivni korak - za početak voženja, brzinu voženja i zaustavljanje.";"Cikličnu palicu - za početak voženja, brzinu voženja i zaustavljanje.";"Nožne pedale - za ispravljanje zanošenja u uslovima bočnog vetra.";"";"a";"Teorija letenja"
"144";"Tokom voženja po površini, ciklična palica se koristi za kontrolu:";"Putanje kretanja.";"Pravca.";"Kretanja napred.";"";"a";"Teorija letenja"
"145";"Koji iskaz je tačan u pogledu spuštanja u autorotaciji?";"Generalno, samo se ciklična palica koristi za skretanje.";"Pilot treba da koristi kolektivnu palicu za kontrolu veličine snižavanja.";"Ukoliko se sa jako opterećenim helikopterom izvode brza skretanja, broj obrtaja rotora će težiti da se smanji.";"";"a";"Teorija letenja"
"146";"Korišćenje desne nožne pedala za izvoñenje skretanja u desnu stranu, u toku autorotacije, će verovatno rezultirati:";"Povećanjem broja obrtaja rotora, obaranjem nosa helikoptera, povećanjem veličine propadanja kao i smanjenjem indikovane brzine.";"Smanjenjem broja obrtaja rotora, propinjanjem nosa helikoptera, smanjenjem veličine propadanja, kao i povećanjem indikovane brzine.";"Povećanjem broja obrtaja rotora, obaranjem nosa helikoptera, kao i povećanjem indikovane brzine.";"";"a";"Teorija letenja"
"147";"Prilikom sletanja na terene pod nagibom, ciklična palica treba da se koristi za: (Slika PPL(H) TL – 24 i 25)";"Držanje skije uz nagib/ padinu terena.";"Spuštanje skije niz nagib. ODELJENJE VAZDUHOPLOVNOG OSOBLJA ISPITNA PITANJA ZA PPL(H) PPL(H) – Teorija letenja";"Postavljanje diska rotora paralelno sa nagibom terena.";"";"a";"Teorija letenja"
"148";"Poletanje sa nagnutih terena se obično izodi: (Slika PPL(H) TL – 24 i 25)";"Dovoñenjem helikoptera u horizontalni položaj pre nego što se u potpunosti odvoji od terena.";"Zaletanjem niz nagib, ako je površina glatka.";"Istovremenom upotrebom kolektivne palice i ciklične palice niz nagib.";"";"a";"Teorija letenja"
"149";"Lebdite u mirnim uslovima, bez vetra, i odlučujete da izvršite skretanje upotrebom desne nožne komande. Kod većine helikoptera sa klipnim motorom, broj obrtaja rotora će imati tendenciju:";"Da se poveća.";"Da se smanji.";"Da ostane nepromenjen.";"";"a";"Teorija letenja"
"150";"Koji postupak je najprikladniji prilikom dodira tla u sletanju iz autorotacije?";"Pri dodiru tla skije treba da budu poravnate sa uzdužnim položajem.";"Položaj nosa malo na gore pri dodiru tla je ispravan postupak.";"Povlačenje ciklične palice u nazad u cilju smanjenja brzine proklizavanja nakon dodira tla je poželjno.";"";"a";"Teorija letenja"
"151";"Šta je istinito u pogledu vrtložnog strujanja? (Slika PPL(H) TL – 20)";"Vrtložno strujanje iza helikoptera u progresivnom letu je slično vrtložnom strujanju koje se stvara na krajevima krila aviona.";"Helikopteri proizvode turbulenciju odbacivanjem strujnica na dole, a ne vrtložno strujanje.";"Najveće je vrtložno strujanje koje stvara vazduhoplov koji leti brzo. ODELJENJE VAZDUHOPLOVNOG OSOBLJA ISPITNA PITANJA ZA PPL(H) PPL(H) – Teorija letenja DODACI Slika PPL(H) TL - 1 ODELJENJE VAZDUHOPLOVNOG OSOBLJA ISPITNA PITANJA ZA PPL(H) PPL(H) – Teorija letenja Slika PPL(H) TL – 2 ODELJENJE VAZDUHOPLOVNOG OSOBLJA ISPITNA PITANJA ZA PPL(H) PPL(H) – Teorija letenja Slika PPL(H) TL – 3 ODELJENJE VAZDUHOPLOVNOG OSOBLJA ISPITNA PITANJA ZA PPL(H) PPL(H) – Teorija letenja Slika PPL(H) TL – 4 ODELJENJE VAZDUHOPLOVNOG OSOBLJA ISPITNA PITANJA ZA PPL(H) PPL(H) – Teorija letenja Slika PPL (H) TL - 5 ODELJENJE VAZDUHOPLOVNOG OSOBLJA ISPITNA PITANJA ZA PPL(H) PPL(H) – Teorija letenja Slika PPL(H) TL – 6 ODELJENJE VAZDUHOPLOVNOG OSOBLJA ISPITNA PITANJA ZA PPL(H) PPL(H) – Teorija letenja Slika PPL(H) TL - 7 ODELJENJE VAZDUHOPLOVNOG OSOBLJA ISPITNA PITANJA ZA PPL(H) PPL(H) – Teorija letenja Slika PPL(H) TL – 8 ODELJENJE VAZDUHOPLOVNOG OSOBLJA ISPITNA PITANJA ZA PPL(H) PPL(H) – Teorija letenja Slika PPL(H) TL – 9 ODELJENJE VAZDUHOPLOVNOG OSOBLJA ISPITNA PITANJA ZA PPL(H) PPL(H) – Teorija letenja Slika PPL(H) TL - 10 ODELJENJE VAZDUHOPLOVNOG OSOBLJA ISPITNA PITANJA ZA PPL(H) PPL(H) – Teorija letenja Slika PPL(H) TL – 11 ODELJENJE VAZDUHOPLOVNOG OSOBLJA ISPITNA PITANJA ZA PPL(H) PPL(H) – Teorija letenja Slika PPL(H) TL – 12 ODELJENJE VAZDUHOPLOVNOG OSOBLJA ISPITNA PITANJA ZA PPL(H) PPL(H) – Teorija letenja Slika PPL(H) TL – 13 ODELJENJE VAZDUHOPLOVNOG OSOBLJA ISPITNA PITANJA ZA PPL(H) PPL(H) – Teorija letenja Slika PPL(H) TL – 14 ODELJENJE VAZDUHOPLOVNOG OSOBLJA ISPITNA PITANJA ZA PPL(H) PPL(H) – Teorija letenja Slika PPL(H) TL – 15 ODELJENJE VAZDUHOPLOVNOG OSOBLJA ISPITNA PITANJA ZA PPL(H) PPL(H) – Teorija letenja Slika PPL(H) TL – 16 ODELJENJE VAZDUHOPLOVNOG OSOBLJA ISPITNA PITANJA ZA PPL(H) PPL(H) – Teorija letenja Slika PPL(H) TL – 17 ODELJENJE VAZDUHOPLOVNOG OSOBLJA ISPITNA PITANJA ZA PPL(H) PPL(H) – Teorija letenja Slika PPL(H) TL – 18 ODELJENJE VAZDUHOPLOVNOG OSOBLJA ISPITNA PITANJA ZA PPL(H) PPL(H) – Teorija letenja Slika PPL(H) TL – 19 ODELJENJE VAZDUHOPLOVNOG OSOBLJA ISPITNA PITANJA ZA PPL(H) PPL(H) – Teorija letenja Slika PPL(H) TL – 20 ODELJENJE VAZDUHOPLOVNOG OSOBLJA ISPITNA PITANJA ZA PPL(H) PPL(H) – Teorija letenja Slika PPL(H) TL – 21 ODELJENJE VAZDUHOPLOVNOG OSOBLJA ISPITNA PITANJA ZA PPL(H) PPL(H) – Teorija letenja Slika PPL(H) TL – 22 ODELJENJE VAZDUHOPLOVNOG OSOBLJA ISPITNA PITANJA ZA PPL(H) PPL(H) – Teorija letenja Slika PPL(H) TL – 23 ODELJENJE VAZDUHOPLOVNOG OSOBLJA ISPITNA PITANJA ZA PPL(H) PPL(H) – Teorija letenja Slika PPL(H) TL – 24 ODELJENJE VAZDUHOPLOVNOG OSOBLJA ISPITNA PITANJA ZA PPL(H) PPL(H) – Teorija letenja Slika PPL(H) TL – 25 ODELJENJE VAZDUHOPLOVNOG OSOBLJA ISPITNA PITANJA ZA PPL(H) PPL(H) – Teorija letenja Slika PPL(H) TL - 26 ODELJENJE VAZDUHOPLOVNOG OSOBLJA ISPITNA PITANJA ZA PPL(H)";"";"a";"Teorija letenja"
